<application>
  <component name="CodotaSettings">
    <option name="methodCompletionsPercentageSet" value="true" />
    <option name="id" value="b17ceb2d-e14b-4683-8212-f4593308078c" />
    <option name="wasRunBefore" value="true" />
    <option name="firstRun" value="1610682497064" />
    <option name="generation" value="128" />
    <option name="updateGeneration" value="1" />
    <option name="isInJSBeta" value="YES" />
    <option name="isMethodCompletionsPercentageActive" value="true" />
    <option name="isMethodCompletionsPercentageSet" value="true" />
    <option name="featureFlags">
      <map>
        <entry key="deep-completions" value="true" />
      </map>
    </option>
    <option name="testedFeatureFlags">
      <set>
        <option value="deep-completions" />
      </set>
    </option>
    <option name="everTurnedOnFeatureFlags">
      <set>
        <option value="deep-completions" />
      </set>
    </option>
  </component>
</application>