<application>
  <component name="CodeInsightSettings">
    <option name="completionCaseSensitive" value="2" />
    <option name="COMPLETION_CASE_SENSITIVE" value="2" />
  </component>
  <component name="DaemonCodeAnalyzerSettings">
    <option name="SHOW_METHOD_SEPARATORS" value="true" />
  </component>
  <component name="DefaultFont">
    <option name="FONT_SIZE" value="24" />
    <option name="FONT_FAMILY" value="Inconsolata" />
    <option name="FONT_REGULAR_SUB_FAMILY" value="SemiCondensed Regular" />
    <option name="FONT_BOLD_SUB_FAMILY" value="SemiCondensed Bold" />
  </component>
  <component name="EditorSettings">
    <option name="USE_SOFT_WRAPS" value="MAIN_EDITOR:CONSOLE" />
    <option name="IS_WHITESPACES_SHOWN" value="true" />
  </component>
  <component name="InlayHintsSettings">
    <option name="lastViewedProviderKeyId" value="microservices.url.path.inlay.hints" />
  </component>
</application>