<application>
  <component name="FileTypeManager" version="18">
    <extensionMap>
      <mapping pattern="*.env.j2" type=".env file" />
      <mapping pattern=".env.j2" type=".env file" />
      <mapping pattern="Dockerfile.j2" type="Dockerfile" />
      <mapping pattern="*.json.j2" type="JSON" />
      <mapping pattern="*.js.j2" type="JavaScript" />
      <mapping pattern="*.php.j2" type="PHP" />
      <mapping pattern="test" type="PLAIN_TEXT" />
      <mapping pattern="1" type="PLAIN_TEXT" />
      <mapping pattern="111" type="PLAIN_TEXT" />
      <mapping pattern="1.blade.php" type="PLAIN_TEXT" />
      <mapping pattern="spider-block" type="PLAIN_TEXT" />
      <mapping pattern="Coupon.md" type="PLAIN_TEXT" />
      <mapping ext="mmdb" type="PLAIN_TEXT" />
      <mapping ext="erb" type="PLAIN_TEXT" />
      <mapping ext="proxy" type="PLAIN_TEXT" />
      <mapping ext="mak" type="PLAIN_TEXT" />
      <mapping ext="webp" type="PLAIN_TEXT" />
      <mapping ext="domain" type="PLAIN_TEXT" />
      <mapping ext="j2" type="PLAIN_TEXT" />
      <mapping pattern="*.yaml.j2" type="YAML" />
      <mapping pattern="*.yml.j2" type="YAML" />
      <removed_mapping ext="rules" approved="true" type="PLAIN_TEXT" />
      <removed_mapping pattern=".en.j2" approved="true" type=".env file" />
    </extensionMap>
  </component>
</application>