<application>
  <component name="PhpInterpreters">
    <interpreters>
      <interpreter id="d0f56e5c-106e-4522-b604-dd4ad99e0571" name="php7.1.28" home="D:/php/php.exe" debugger_id="php.debugger.XDebug" />
      <interpreter id="c898c3ce-e02a-44b6-8f7e-f2c33470f7bc" name="Remote PHP 5.4" home="sshConfig://DATA" debugger_id="php.debugger.XDebug">
        <remote_data INTERPRETER_PATH="/usr/bin/php" HELPERS_PATH="/root/.phpstorm_helpers" INITIALIZED="false" VALID="true" RUN_AS_ROOT_VIA_SUDO="false" SSH_CREDENTIALS_ID="sshConfig://&lt;unknown&gt;" />
      </interpreter>
    </interpreters>
  </component>
  <component name="PhpInterpretersPhpInfoCache">
    <phpInfoCache>
      <interpreter name="Remote PHP 5.4">
        <phpinfo binary_type="PHP" php_cli="" path_separator=":" remote_host="192.168.27.44" version="5.4.41">
          <additional_php_ini />
          <configuration_file />
          <configuration_options>
            <configuration_option name="include_path" value=".:/usr/local/php/lib/php" />
          </configuration_options>
          <debuggers>
            <debugger_info debugger="xdebug" debugger_version="2.3.2">
              <debug_extensions />
            </debugger_info>
          </debuggers>
          <loaded_extensions>
            <extension name="Core" />
            <extension name="PDO" />
            <extension name="Phar" />
            <extension name="Reflection" />
            <extension name="SPL" />
            <extension name="SimpleXML" />
            <extension name="ctype" />
            <extension name="curl" />
            <extension name="date" />
            <extension name="dom" />
            <extension name="ereg" />
            <extension name="fileinfo" />
            <extension name="filter" />
            <extension name="gd" />
            <extension name="hash" />
            <extension name="iconv" />
            <extension name="json" />
            <extension name="libxml" />
            <extension name="mbstring" />
            <extension name="mcrypt" />
            <extension name="mhash" />
            <extension name="mysql" />
            <extension name="mysqlnd" />
            <extension name="openssl" />
            <extension name="pcre" />
            <extension name="pdo_mysql" />
            <extension name="pdo_sqlite" />
            <extension name="posix" />
            <extension name="redis" />
            <extension name="session" />
            <extension name="sockets" />
            <extension name="sqlite3" />
            <extension name="standard" />
            <extension name="tokenizer" />
            <extension name="xdebug" />
            <extension name="xml" />
            <extension name="xmlreader" />
            <extension name="xmlwriter" />
            <extension name="zlib" />
          </loaded_extensions>
        </phpinfo>
      </interpreter>
    </phpInfoCache>
  </component>
</application>