<application>
  <component name="SshConfigs">
    <configs>
      <sshConfig authType="PASSWORD" connectionConfig="{&quot;serverAliveInterval&quot;:300}" host="172.20.5.183" id="53bee53c-9ac9-4e53-b524-624e8ef08d06" port="22" customName="blog线下" nameFormat="CUSTOM">
        <option name="customName" value="blog线下" />
      </sshConfig>
      <sshConfig authType="PASSWORD" connectionConfig="{&quot;serverAliveInterval&quot;:300}" host="172.20.4.208" id="64a3f26a-2539-4d04-8a17-4c5d505c796f" port="22" customName="demo-master" nameFormat="CUSTOM">
        <option name="customName" value="demo-master" />
      </sshConfig>
      <sshConfig authType="PASSWORD" connectionConfig="{&quot;serverAliveInterval&quot;:300}" host="192.168.110.131" id="b6239306-b3bc-4acc-8f7c-ceed5dd084ce" port="22" customName="tools-dev" nameFormat="CUSTOM">
        <option name="customName" value="tools-dev" />
      </sshConfig>
    </configs>
  </component>
</application>