<application>
  <component name="WebServers">
    <option name="servers">
      <webServer id="fac5cc67-26c8-4070-b236-b1a8d0c26523" name="blog线下" url="http://172.20.5.183">
        <fileTransfer host="172.20.5.183" port="22" rootFolder="/home/pplive/web/blog" accessType="SFTP">
          <advancedOptions>
            <advancedOptions dataProtectionLevel="Private" />
          </advancedOptions>
          <option name="port" value="22" />
        </fileTransfer>
      </webServer>
      <webServer id="17b39f7a-bbdc-4e67-a67c-76f785c3d957" name="test" url="http://172.20.5.183">
        <fileTransfer host="172.20.5.183" port="22" rootFolder="/home/pplive/web/myproject/" accessType="SFTP">
          <advancedOptions>
            <advancedOptions dataProtectionLevel="Private" />
          </advancedOptions>
          <option name="port" value="22" />
        </fileTransfer>
      </webServer>
      <webServer id="218b1e54-686d-45c8-9568-65153b4f5de4" name="demo-master" url="http://172.20.4.208">
        <fileTransfer host="172.20.4.208" port="22" rootFolder="/home/pplive/web/demo-master" accessType="SFTP">
          <advancedOptions>
            <advancedOptions dataProtectionLevel="Private" />
          </advancedOptions>
          <option name="port" value="22" />
        </fileTransfer>
      </webServer>
      <webServer id="7c7d8b5e-39c6-4d18-a3ea-854e330d34b8" name="tools-dev" url="http://192.168.110.131">
        <fileTransfer host="192.168.110.131" port="22" rootFolder="/var/www/online/o2o/phpsrc" accessType="SFTP">
          <advancedOptions>
            <advancedOptions dataProtectionLevel="Private" />
          </advancedOptions>
          <option name="port" value="22" />
        </fileTransfer>
      </webServer>
    </option>
  </component>
</application>