<application>
  <component name="FileTypeManager" version="17">
    <ignoreFiles list="*.hprof;*.pyc;*.pyo;*.rbc;*~;.DS_Store;.git;.hg;.svn;CVS;RCS;SCCS;__pycache__;_svn;rcs;vssver.scc;vssver2.scc;" />
    <extensionMap>
      <mapping pattern="README" type="PLAIN_TEXT" />
      <mapping pattern="1" type="PLAIN_TEXT" />
      <mapping pattern="data" type="PLAIN_TEXT" />
      <mapping pattern="testurl" type="PLAIN_TEXT" />
      <mapping ext="cfe" type="PLAIN_TEXT" />
    </extensionMap>
  </component>
</application>