<application>
  <component name="GeneralSettings">
    <option name="browserPath" value="D:\Program Files (x86)\360Chrome\Chrome\Application\360chrome.exe" />
    <option name="confirmExit" value="false" />
    <option name="confirmOpenNewProject2" value="0" />
    <option name="processCloseConfirmation" value="TERMINATE" />
    <option name="searchInBackground" value="true" />
    <option name="showTipsOnStartup" value="false" />
  </component>
  <component name="Registry">
    <entry key="ide.firstStartup" value="false" />
    <entry key="dumb.aware.run.configurations" value="true" />
    <entry key="compiler.automake.allow.when.app.running" value="true" />
    <entry key="compiler.document.save.trigger.delay" value="100" />
    <entry key="compiler.automake.trigger.delay" value="100" />
  </component>
</application>